{"stats":{"minecraft:custom":{"minecraft:time_since_rest":101801,"minecraft:crouch_one_cm":122,"minecraft:play_time":101801,"minecraft:sprint_one_cm":24553,"minecraft:walk_one_cm":41448,"minecraft:sneak_time":999,"minecraft:jump":117,"minecraft:leave_game":1,"minecraft:time_since_death":101801,"minecraft:total_world_time":105854,"minecraft:fly_one_cm":476638},"minecraft:picked_up":{"minecraft:wheat_seeds":1434,"minecraft:poppy":29},"minecraft:used":{"minecraft:lever":3,"minecraft:black_concrete":424,"minecraft:light_blue_concrete":123,"minecraft:command_block":2,"minecraft:light_gray_concrete":8,"minecraft:redstone":23,"minecraft:bucket":1,"minecraft:stone":580,"minecraft:gray_concrete":230,"minecraft:white_concrete":360,"minecraft:gray_concrete_powder":20,"minecraft:gray_stained_glass":25}},"DataVersion":3337}